filename, language, JavaScript, JSON, Markdown, HTML, Vue.js, TypeScript, Less, XML, SCSS, CSS, Log, comment, blank, total
e:\WORK\Rtis-Vutfify\README.md, Markdown, 0, 0, 23, 0, 0, 0, 0, 0, 0, 0, 0, 0, 7, 30
e:\WORK\Rtis-Vutfify\babel.config.js, JavaScript, 5, 0, 0, 0, 0, 0, 0, 0, 0, 0, 0, 1, 0, 6
e:\WORK\Rtis-Vutfify\package.json, JSON, 0, 203, 0, 0, 0, 0, 0, 0, 0, 0, 0, 0, 1, 204
e:\WORK\Rtis-Vutfify\public\img\icons\safari-pinned-tab.svg, XML, 0, 0, 0, 0, 0, 0, 0, 149, 0, 0, 0, 0, 1, 150
e:\WORK\Rtis-Vutfify\public\index.html, HTML, 0, 0, 0, 22, 0, 0, 0, 0, 0, 0, 0, 1, 2, 25
e:\WORK\Rtis-Vutfify\public\manifest.json, JSON, 0, 20, 0, 0, 0, 0, 0, 0, 0, 0, 0, 0, 0, 20
e:\WORK\Rtis-Vutfify\src\app.vue, Vue.js, 0, 0, 0, 0, 52, 0, 0, 0, 0, 0, 0, 15, 6, 73
e:\WORK\Rtis-Vutfify\src\assets\icons\iconfont.css, CSS, 0, 0, 0, 0, 0, 0, 0, 0, 0, 24, 0, 0, 14, 38
e:\WORK\Rtis-Vutfify\src\assets\icons\iconfont.svg, XML, 0, 0, 0, 0, 0, 0, 0, 29, 0, 0, 0, 3, 25, 57
e:\WORK\Rtis-Vutfify\src\assets\images\error-page\error-401.svg, XML, 0, 0, 0, 0, 0, 0, 0, 1, 0, 0, 0, 0, 0, 1
e:\WORK\Rtis-Vutfify\src\assets\images\error-page\error-404.svg, XML, 0, 0, 0, 0, 0, 0, 0, 1, 0, 0, 0, 0, 0, 1
e:\WORK\Rtis-Vutfify\src\assets\images\error-page\error-500.svg, XML, 0, 0, 0, 0, 0, 0, 0, 1, 0, 0, 0, 0, 0, 1
e:\WORK\Rtis-Vutfify\src\assets\images\icon-social-bilibili.svg, XML, 0, 0, 0, 0, 0, 0, 0, 1, 0, 0, 0, 0, 0, 1
e:\WORK\Rtis-Vutfify\src\assets\images\icon-social-juejin.svg, XML, 0, 0, 0, 0, 0, 0, 0, 1, 0, 0, 0, 0, 0, 1
e:\WORK\Rtis-Vutfify\src\assets\images\icon-social-twitter.svg, XML, 0, 0, 0, 0, 0, 0, 0, 1, 0, 0, 0, 0, 0, 1
e:\WORK\Rtis-Vutfify\src\assets\images\icon-social-zhihu.svg, XML, 0, 0, 0, 0, 0, 0, 0, 1, 0, 0, 0, 0, 0, 1
e:\WORK\Rtis-Vutfify\src\assets\logo.svg, XML, 0, 0, 0, 0, 0, 0, 0, 1, 0, 0, 0, 0, 1, 2
e:\WORK\Rtis-Vutfify\src\assets\models\json\scene.json, JSON, 0, 155, 0, 0, 0, 0, 0, 0, 0, 0, 0, 0, 0, 155
e:\WORK\Rtis-Vutfify\src\assets\models\three\scene.json, JSON, 0, 194, 0, 0, 0, 0, 0, 0, 0, 0, 0, 0, 0, 194
e:\WORK\Rtis-Vutfify\src\components\Footer.vue, Vue.js, 0, 0, 0, 0, 25, 0, 0, 0, 0, 0, 0, 0, 4, 29
e:\WORK\Rtis-Vutfify\src\components\add\add.vue, Vue.js, 0, 0, 0, 0, 74, 0, 0, 0, 0, 0, 0, 0, 2, 76
e:\WORK\Rtis-Vutfify\src\components\add\index.js, JavaScript, 2, 0, 0, 0, 0, 0, 0, 0, 0, 0, 0, 0, 1, 3
e:\WORK\Rtis-Vutfify\src\components\affix\affix.vue, Vue.js, 0, 0, 0, 0, 328, 0, 0, 0, 0, 0, 0, 99, 74, 501
e:\WORK\Rtis-Vutfify\src\components\affix\index.js, JavaScript, 2, 0, 0, 0, 0, 0, 0, 0, 0, 0, 0, 0, 1, 3
e:\WORK\Rtis-Vutfify\src\components\affix\model-mixin.vue, Vue.js, 0, 0, 0, 0, 466, 0, 0, 0, 0, 0, 0, 79, 162, 707
e:\WORK\Rtis-Vutfify\src\components\breadcrumb-nav.vue, Vue.js, 0, 0, 0, 0, 21, 0, 0, 0, 0, 0, 0, 0, 1, 22
e:\WORK\Rtis-Vutfify\src\components\camera\canvashelper.js, JavaScript, 222, 0, 0, 0, 0, 0, 0, 0, 0, 0, 0, 36, 20, 278
e:\WORK\Rtis-Vutfify\src\components\camera\coincide.vue, Vue.js, 0, 0, 0, 0, 0, 0, 0, 0, 0, 0, 0, 0, 1, 1
e:\WORK\Rtis-Vutfify\src\components\camera\img-operation.vue, Vue.js, 0, 0, 0, 0, 0, 0, 0, 0, 0, 0, 0, 0, 1, 1
e:\WORK\Rtis-Vutfify\src\components\camera\index.js, JavaScript, 5, 0, 0, 0, 0, 0, 0, 0, 0, 0, 0, 0, 2, 7
e:\WORK\Rtis-Vutfify\src\components\camera\main.vue, Vue.js, 0, 0, 0, 0, 105, 0, 0, 0, 0, 0, 0, 22, 8, 135
e:\WORK\Rtis-Vutfify\src\components\camera\scan-doc.vue, Vue.js, 0, 0, 0, 0, 198, 0, 0, 0, 0, 0, 0, 13, 8, 219
e:\WORK\Rtis-Vutfify\src\components\charts\bar.vue, Vue.js, 0, 0, 0, 0, 57, 0, 0, 0, 0, 0, 0, 0, 3, 60
e:\WORK\Rtis-Vutfify\src\components\charts\index.js, JavaScript, 3, 0, 0, 0, 0, 0, 0, 0, 0, 0, 0, 0, 1, 4
e:\WORK\Rtis-Vutfify\src\components\charts\pie.vue, Vue.js, 0, 0, 0, 0, 69, 0, 0, 0, 0, 0, 0, 0, 2, 71
e:\WORK\Rtis-Vutfify\src\components\charts\theme.json, JSON, 0, 490, 0, 0, 0, 0, 0, 0, 0, 0, 0, 0, 2, 492
e:\WORK\Rtis-Vutfify\src\components\clock\Clock.vue, Vue.js, 0, 0, 0, 0, 52, 0, 0, 0, 0, 0, 0, 0, 6, 58
e:\WORK\Rtis-Vutfify\src\components\clock\index.js, JavaScript, 2, 0, 0, 0, 0, 0, 0, 0, 0, 0, 0, 0, 1, 3
e:\WORK\Rtis-Vutfify\src\components\common-icon\common-icon.vue, Vue.js, 0, 0, 0, 0, 39, 0, 0, 0, 0, 0, 0, 0, 4, 43
e:\WORK\Rtis-Vutfify\src\components\common-icon\index.js, JavaScript, 2, 0, 0, 0, 0, 0, 0, 0, 0, 0, 0, 0, 1, 3
e:\WORK\Rtis-Vutfify\src\components\common\common.less, Less, 0, 0, 0, 0, 0, 0, 8, 0, 0, 0, 0, 0, 1, 9
e:\WORK\Rtis-Vutfify\src\components\common\util.js, JavaScript, 3, 0, 0, 0, 0, 0, 0, 0, 0, 0, 0, 0, 1, 4
e:\WORK\Rtis-Vutfify\src\components\core\Drawer copy 2.vue, Vue.js, 0, 0, 0, 0, 104, 0, 0, 0, 0, 0, 0, 1, 4, 109
e:\WORK\Rtis-Vutfify\src\components\core\Drawer copy.vue, Vue.js, 0, 0, 0, 0, 106, 0, 0, 0, 0, 0, 0, 0, 5, 111
e:\WORK\Rtis-Vutfify\src\components\core\Drawer.vue, Vue.js, 0, 0, 0, 0, 112, 0, 0, 0, 0, 0, 0, 1, 5, 118
e:\WORK\Rtis-Vutfify\src\components\core\Filter.vue, Vue.js, 0, 0, 0, 0, 44, 0, 0, 0, 0, 0, 0, 0, 3, 47
e:\WORK\Rtis-Vutfify\src\components\core\Footer.vue, Vue.js, 0, 0, 0, 0, 45, 0, 0, 0, 0, 0, 0, 0, 6, 51
e:\WORK\Rtis-Vutfify\src\components\core\Toolbar copy.vue, Vue.js, 0, 0, 0, 0, 151, 0, 0, 0, 0, 0, 0, 1, 13, 165
e:\WORK\Rtis-Vutfify\src\components\core\Toolbar.vue, Vue.js, 0, 0, 0, 0, 197, 0, 0, 0, 0, 0, 0, 1, 8, 206
e:\WORK\Rtis-Vutfify\src\components\core\View.vue, Vue.js, 0, 0, 0, 0, 140, 0, 0, 0, 0, 0, 0, 1, 6, 147
e:\WORK\Rtis-Vutfify\src\components\count-to\count-to.vue, Vue.js, 0, 0, 0, 0, 143, 0, 0, 0, 0, 0, 0, 34, 2, 179
e:\WORK\Rtis-Vutfify\src\components\count-to\index.js, JavaScript, 2, 0, 0, 0, 0, 0, 0, 0, 0, 0, 0, 0, 1, 3
e:\WORK\Rtis-Vutfify\src\components\count-to\index.less, Less, 0, 0, 0, 0, 0, 0, 9, 0, 0, 0, 0, 0, 2, 11
e:\WORK\Rtis-Vutfify\src\components\cropper\index.js, JavaScript, 2, 0, 0, 0, 0, 0, 0, 0, 0, 0, 0, 0, 1, 3
e:\WORK\Rtis-Vutfify\src\components\cropper\index.less, Less, 0, 0, 0, 0, 0, 0, 37, 0, 0, 0, 0, 0, 1, 38
e:\WORK\Rtis-Vutfify\src\components\cropper\index.vue, Vue.js, 0, 0, 0, 0, 165, 0, 0, 0, 0, 0, 0, 2, 4, 171
e:\WORK\Rtis-Vutfify\src\components\demo-block\demo-block.vue, Vue.js, 0, 0, 0, 0, 122, 0, 0, 0, 0, 0, 0, 0, 18, 140
e:\WORK\Rtis-Vutfify\src\components\demo-block\index.js, JavaScript, 2, 0, 0, 0, 0, 0, 0, 0, 0, 0, 0, 0, 1, 3
e:\WORK\Rtis-Vutfify\src\components\dicomview\Index.vue, Vue.js, 0, 0, 0, 0, 69, 0, 0, 0, 0, 0, 0, 3, 7, 79
e:\WORK\Rtis-Vutfify\src\components\dicomview\index.js, JavaScript, 2, 0, 0, 0, 0, 0, 0, 0, 0, 0, 0, 0, 1, 3
e:\WORK\Rtis-Vutfify\src\components\drag-drawer\drag-drawer-trigger.vue, Vue.js, 0, 0, 0, 0, 16, 0, 0, 0, 0, 0, 0, 0, 3, 19
e:\WORK\Rtis-Vutfify\src\components\drag-drawer\drag-drawer.vue, Vue.js, 0, 0, 0, 0, 147, 0, 0, 0, 0, 0, 0, 7, 3, 157
e:\WORK\Rtis-Vutfify\src\components\drag-drawer\index.js, JavaScript, 2, 0, 0, 0, 0, 0, 0, 0, 0, 0, 0, 0, 1, 3
e:\WORK\Rtis-Vutfify\src\components\drag-drawer\index.less, Less, 0, 0, 0, 0, 0, 0, 69, 0, 0, 0, 0, 0, 2, 71
e:\WORK\Rtis-Vutfify\src\components\drag-drawer\mixin.js, JavaScript, 7, 0, 0, 0, 0, 0, 0, 0, 0, 0, 0, 0, 1, 8
e:\WORK\Rtis-Vutfify\src\components\drag-list\drag-list.vue, Vue.js, 0, 0, 0, 0, 92, 0, 0, 0, 0, 0, 0, 0, 1, 93
e:\WORK\Rtis-Vutfify\src\components\drag-list\index.js, JavaScript, 2, 0, 0, 0, 0, 0, 0, 0, 0, 0, 0, 0, 1, 3
e:\WORK\Rtis-Vutfify\src\components\editor\editor.vue, Vue.js, 0, 0, 0, 0, 62, 0, 0, 0, 0, 0, 0, 11, 3, 76
e:\WORK\Rtis-Vutfify\src\components\editor\index.js, JavaScript, 2, 0, 0, 0, 0, 0, 0, 0, 0, 0, 0, 0, 1, 3
e:\WORK\Rtis-Vutfify\src\components\fullcalendar\fullcalendar.js, JavaScript, 13153, 0, 0, 0, 0, 0, 0, 0, 0, 0, 0, 2041, 307, 15501
e:\WORK\Rtis-Vutfify\src\components\fullscreen.vue, Vue.js, 0, 0, 0, 0, 81, 0, 0, 0, 0, 0, 0, 0, 2, 83
e:\WORK\Rtis-Vutfify\src\components\helper\Offset.vue, Vue.js, 0, 0, 0, 0, 46, 0, 0, 0, 0, 0, 0, 0, 4, 50
e:\WORK\Rtis-Vutfify\src\components\icons\icons.vue, Vue.js, 0, 0, 0, 0, 32, 0, 0, 0, 0, 0, 0, 0, 4, 36
e:\WORK\Rtis-Vutfify\src\components\icons\index.js, JavaScript, 2, 0, 0, 0, 0, 0, 0, 0, 0, 0, 0, 0, 1, 3
e:\WORK\Rtis-Vutfify\src\components\index.js, JavaScript, 11, 0, 0, 0, 0, 0, 0, 0, 0, 0, 0, 0, 4, 15
e:\WORK\Rtis-Vutfify\src\components\info-card\index.js, JavaScript, 2, 0, 0, 0, 0, 0, 0, 0, 0, 0, 0, 0, 1, 3
e:\WORK\Rtis-Vutfify\src\components\info-card\infor-card.vue, Vue.js, 0, 0, 0, 0, 105, 0, 0, 0, 0, 0, 0, 0, 6, 111
e:\WORK\Rtis-Vutfify\src\components\info-card\infor-card1.vue, Vue.js, 0, 0, 0, 0, 98, 0, 0, 0, 0, 0, 0, 0, 5, 103
e:\WORK\Rtis-Vutfify\src\components\language-list.vue, Vue.js, 0, 0, 0, 0, 54, 0, 0, 0, 0, 0, 0, 0, 3, 57
e:\WORK\Rtis-Vutfify\src\components\language-switch.vue, Vue.js, 0, 0, 0, 0, 47, 0, 0, 0, 0, 0, 0, 0, 3, 50
e:\WORK\Rtis-Vutfify\src\components\lockscreen\components\locking-page.vue, Vue.js, 0, 0, 0, 0, 43, 0, 0, 0, 0, 0, 0, 0, 2, 45
e:\WORK\Rtis-Vutfify\src\components\lockscreen\components\unlock.vue, Vue.js, 0, 0, 0, 0, 101, 0, 0, 0, 0, 0, 0, 0, 3, 104
e:\WORK\Rtis-Vutfify\src\components\lockscreen\lockscreen.vue, Vue.js, 0, 0, 0, 0, 59, 0, 0, 0, 0, 0, 0, 0, 4, 63
e:\WORK\Rtis-Vutfify\src\components\lockscreen\styles\unlock.less, Less, 0, 0, 0, 0, 0, 0, 174, 0, 0, 0, 0, 0, 0, 174
e:\WORK\Rtis-Vutfify\src\components\login-form\index.js, JavaScript, 2, 0, 0, 0, 0, 0, 0, 0, 0, 0, 0, 0, 1, 3
e:\WORK\Rtis-Vutfify\src\components\login-form\login-form.vue, Vue.js, 0, 0, 0, 0, 72, 0, 0, 0, 0, 0, 0, 0, 1, 73
e:\WORK\Rtis-Vutfify\src\components\main\components\a-back-top\index.js, JavaScript, 2, 0, 0, 0, 0, 0, 0, 0, 0, 0, 0, 0, 1, 3
e:\WORK\Rtis-Vutfify\src\components\main\components\a-back-top\index.vue, Vue.js, 0, 0, 0, 0, 85, 0, 0, 0, 0, 0, 0, 4, 2, 91
e:\WORK\Rtis-Vutfify\src\components\main\components\error-store\error-store.vue, Vue.js, 0, 0, 0, 0, 47, 0, 0, 0, 0, 0, 0, 0, 3, 50
e:\WORK\Rtis-Vutfify\src\components\main\components\error-store\index.js, JavaScript, 2, 0, 0, 0, 0, 0, 0, 0, 0, 0, 0, 0, 1, 3
e:\WORK\Rtis-Vutfify\src\components\main\components\fullscreen\fullscreen.vue, Vue.js, 0, 0, 0, 0, 82, 0, 0, 0, 0, 0, 0, 0, 3, 85
e:\WORK\Rtis-Vutfify\src\components\main\components\fullscreen\index.js, JavaScript, 2, 0, 0, 0, 0, 0, 0, 0, 0, 0, 0, 0, 1, 3
e:\WORK\Rtis-Vutfify\src\components\main\components\header-bar\custom-bread-crumb\custom-bread-crumb.less, Less, 0, 0, 0, 0, 0, 0, 4, 0, 0, 0, 0, 0, 1, 5
e:\WORK\Rtis-Vutfify\src\components\main\components\header-bar\custom-bread-crumb\custom-bread-crumb.vue, Vue.js, 0, 0, 0, 0, 44, 0, 0, 0, 0, 0, 0, 2, 1, 47
e:\WORK\Rtis-Vutfify\src\components\main\components\header-bar\custom-bread-crumb\index.js, JavaScript, 2, 0, 0, 0, 0, 0, 0, 0, 0, 0, 0, 0, 1, 3
e:\WORK\Rtis-Vutfify\src\components\main\components\header-bar\header-bar.less, Less, 0, 0, 0, 0, 0, 0, 14, 0, 0, 0, 0, 0, 1, 15
e:\WORK\Rtis-Vutfify\src\components\main\components\header-bar\header-bar.vue, Vue.js, 0, 0, 0, 0, 34, 0, 0, 0, 0, 0, 0, 0, 1, 35
e:\WORK\Rtis-Vutfify\src\components\main\components\header-bar\index.js, JavaScript, 2, 0, 0, 0, 0, 0, 0, 0, 0, 0, 0, 0, 1, 3
e:\WORK\Rtis-Vutfify\src\components\main\components\header-bar\sider-trigger\index.js, JavaScript, 2, 0, 0, 0, 0, 0, 0, 0, 0, 0, 0, 0, 1, 3
e:\WORK\Rtis-Vutfify\src\components\main\components\header-bar\sider-trigger\sider-trigger.less, Less, 0, 0, 0, 0, 0, 0, 21, 0, 0, 0, 0, 0, 1, 22
e:\WORK\Rtis-Vutfify\src\components\main\components\header-bar\sider-trigger\sider-trigger.vue, Vue.js, 0, 0, 0, 0, 27, 0, 0, 0, 0, 0, 0, 0, 1, 28
e:\WORK\Rtis-Vutfify\src\components\main\components\language\index.js, JavaScript, 2, 0, 0, 0, 0, 0, 0, 0, 0, 0, 0, 0, 1, 3
e:\WORK\Rtis-Vutfify\src\components\main\components\language\language.vue, Vue.js, 0, 0, 0, 0, 50, 0, 0, 0, 0, 0, 0, 0, 2, 52
e:\WORK\Rtis-Vutfify\src\components\main\components\side-menu\collapsed-menu.vue, Vue.js, 0, 0, 0, 0, 50, 0, 0, 0, 0, 0, 0, 0, 2, 52
e:\WORK\Rtis-Vutfify\src\components\main\components\side-menu\index.js, JavaScript, 2, 0, 0, 0, 0, 0, 0, 0, 0, 0, 0, 0, 1, 3
e:\WORK\Rtis-Vutfify\src\components\main\components\side-menu\item-mixin.js, JavaScript, 21, 0, 0, 0, 0, 0, 0, 0, 0, 0, 0, 0, 1, 22
e:\WORK\Rtis-Vutfify\src\components\main\components\side-menu\mixin.js, JavaScript, 16, 0, 0, 0, 0, 0, 0, 0, 0, 0, 0, 2, 1, 19
e:\WORK\Rtis-Vutfify\src\components\main\components\side-menu\side-menu-item.vue, Vue.js, 0, 0, 0, 0, 26, 0, 0, 0, 0, 0, 0, 0, 1, 27
e:\WORK\Rtis-Vutfify\src\components\main\components\side-menu\side-menu.less, Less, 0, 0, 0, 0, 0, 0, 37, 0, 0, 0, 0, 0, 4, 41
e:\WORK\Rtis-Vutfify\src\components\main\components\side-menu\side-menu.vue, Vue.js, 0, 0, 0, 0, 113, 0, 0, 0, 0, 0, 0, 0, 2, 115
e:\WORK\Rtis-Vutfify\src\components\main\components\tags-nav\index.js, JavaScript, 2, 0, 0, 0, 0, 0, 0, 0, 0, 0, 0, 0, 1, 3
e:\WORK\Rtis-Vutfify\src\components\main\components\tags-nav\tags-nav.less, Less, 0, 0, 0, 0, 0, 0, 87, 0, 0, 0, 0, 0, 1, 88
e:\WORK\Rtis-Vutfify\src\components\main\components\tags-nav\tags-nav.vue, Vue.js, 0, 0, 0, 0, 231, 0, 0, 0, 0, 0, 0, 5, 3, 239
e:\WORK\Rtis-Vutfify\src\components\main\components\user\index.js, JavaScript, 2, 0, 0, 0, 0, 0, 0, 0, 0, 0, 0, 0, 1, 3
e:\WORK\Rtis-Vutfify\src\components\main\components\user\user.less, Less, 0, 0, 0, 0, 0, 0, 10, 0, 0, 0, 0, 2, 1, 13
e:\WORK\Rtis-Vutfify\src\components\main\components\user\user.vue, Vue.js, 0, 0, 0, 0, 58, 0, 0, 0, 0, 0, 0, 0, 2, 60
e:\WORK\Rtis-Vutfify\src\components\main\index.js, JavaScript, 2, 0, 0, 0, 0, 0, 0, 0, 0, 0, 0, 0, 1, 3
e:\WORK\Rtis-Vutfify\src\components\main\main.less, Less, 0, 0, 0, 0, 0, 0, 75, 0, 0, 0, 0, 0, 4, 79
e:\WORK\Rtis-Vutfify\src\components\main\main.vue, Vue.js, 0, 0, 0, 0, 179, 0, 0, 0, 0, 0, 0, 8, 1, 188
e:\WORK\Rtis-Vutfify\src\components\markdown\index.js, JavaScript, 2, 0, 0, 0, 0, 0, 0, 0, 0, 0, 0, 0, 1, 3
e:\WORK\Rtis-Vutfify\src\components\markdown\markdown.vue, Vue.js, 0, 0, 0, 0, 70, 0, 0, 0, 0, 0, 0, 4, 3, 77
e:\WORK\Rtis-Vutfify\src\components\material\Card.vue, Vue.js, 0, 0, 0, 0, 118, 0, 0, 0, 0, 0, 0, 0, 6, 124
e:\WORK\Rtis-Vutfify\src\components\material\ChartCard.vue, Vue.js, 0, 0, 0, 0, 76, 0, 0, 0, 0, 0, 0, 0, 4, 80
e:\WORK\Rtis-Vutfify\src\components\material\ListCard.vue, Vue.js, 0, 0, 0, 0, 295, 0, 0, 0, 0, 0, 0, 13, 27, 335
e:\WORK\Rtis-Vutfify\src\components\material\Notification.vue, Vue.js, 0, 0, 0, 0, 23, 0, 0, 0, 0, 0, 0, 11, 5, 39
e:\WORK\Rtis-Vutfify\src\components\material\StatisticsCard.vue, Vue.js, 0, 0, 0, 0, 66, 0, 0, 0, 0, 0, 0, 0, 7, 73
e:\WORK\Rtis-Vutfify\src\components\material\StatsCard.vue, Vue.js, 0, 0, 0, 0, 196, 0, 0, 0, 0, 0, 0, 1, 14, 211
e:\WORK\Rtis-Vutfify\src\components\model-mixin\index.js, JavaScript, 2, 0, 0, 0, 0, 0, 0, 0, 0, 0, 0, 0, 1, 3
e:\WORK\Rtis-Vutfify\src\components\model-mixin\model-mixin.vue, Vue.js, 0, 0, 0, 0, 466, 0, 0, 0, 0, 0, 0, 79, 162, 707
e:\WORK\Rtis-Vutfify\src\components\model-obj\index.js, JavaScript, 2, 0, 0, 0, 0, 0, 0, 0, 0, 0, 0, 0, 1, 3
e:\WORK\Rtis-Vutfify\src\components\model-obj\model-obj.vue, Vue.js, 0, 0, 0, 0, 116, 0, 0, 0, 0, 0, 0, 0, 38, 154
e:\WORK\Rtis-Vutfify\src\components\notices\notice.vue, Vue.js, 0, 0, 0, 0, 240, 0, 0, 0, 0, 0, 0, 0, 2, 242
e:\WORK\Rtis-Vutfify\src\components\parent-view\index.js, JavaScript, 2, 0, 0, 0, 0, 0, 0, 0, 0, 0, 0, 0, 1, 3
e:\WORK\Rtis-Vutfify\src\components\parent-view\parent-view.vue, Vue.js, 0, 0, 0, 0, 21, 0, 0, 0, 0, 0, 0, 0, 1, 22
e:\WORK\Rtis-Vutfify\src\components\paste-editor\index.js, JavaScript, 2, 0, 0, 0, 0, 0, 0, 0, 0, 0, 0, 0, 1, 3
e:\WORK\Rtis-Vutfify\src\components\paste-editor\paste-editor.less, Less, 0, 0, 0, 0, 0, 0, 26, 0, 0, 0, 0, 0, 1, 27
e:\WORK\Rtis-Vutfify\src\components\paste-editor\paste-editor.vue, Vue.js, 0, 0, 0, 0, 103, 0, 0, 0, 0, 0, 0, 12, 1, 116
e:\WORK\Rtis-Vutfify\src\components\paste-editor\plugins\placeholder.js, JavaScript, 53, 0, 0, 0, 0, 0, 0, 0, 0, 0, 0, 0, 6, 59
e:\WORK\Rtis-Vutfify\src\components\popup\Popup.vue, Vue.js, 0, 0, 0, 0, 342, 0, 0, 0, 0, 0, 0, 26, 40, 408
e:\WORK\Rtis-Vutfify\src\components\popup\directive.js, JavaScript, 17, 0, 0, 0, 0, 0, 0, 0, 0, 0, 0, 0, 3, 20
e:\WORK\Rtis-Vutfify\src\components\popup\helper.js, JavaScript, 10, 0, 0, 0, 0, 0, 0, 0, 0, 0, 0, 0, 1, 11
e:\WORK\Rtis-Vutfify\src\components\popup\index.js, JavaScript, 7, 0, 0, 0, 0, 0, 0, 0, 0, 0, 0, 0, 3, 10
e:\WORK\Rtis-Vutfify\src\components\print\print.js, JavaScript, 119, 0, 0, 0, 0, 0, 0, 0, 0, 0, 0, 4, 13, 136
e:\WORK\Rtis-Vutfify\src\components\setting\setting.vue, Vue.js, 0, 0, 0, 0, 17, 0, 0, 0, 0, 0, 0, 0, 5, 22
e:\WORK\Rtis-Vutfify\src\components\shrinkable-menu\components\sidebarMenu.vue, Vue.js, 0, 0, 0, 0, 78, 0, 0, 0, 0, 0, 0, 0, 4, 82
e:\WORK\Rtis-Vutfify\src\components\shrinkable-menu\components\sidebarMenuShrink.vue, Vue.js, 0, 0, 0, 0, 42, 0, 0, 0, 0, 0, 0, 0, 3, 45
e:\WORK\Rtis-Vutfify\src\components\shrinkable-menu\shrinkable-menu.vue, Vue.js, 0, 0, 0, 0, 369, 0, 0, 0, 0, 0, 0, 3, 27, 399
e:\WORK\Rtis-Vutfify\src\components\shrinkable-menu\styles\menu.less, Less, 0, 0, 0, 0, 0, 0, 4, 0, 0, 0, 0, 0, 0, 4
e:\WORK\Rtis-Vutfify\src\components\split-pane\index.js, JavaScript, 2, 0, 0, 0, 0, 0, 0, 0, 0, 0, 0, 0, 1, 3
e:\WORK\Rtis-Vutfify\src\components\split-pane\index.less, Less, 0, 0, 0, 0, 0, 0, 113, 0, 0, 0, 0, 0, 2, 115
e:\WORK\Rtis-Vutfify\src\components\split-pane\split.vue, Vue.js, 0, 0, 0, 0, 150, 0, 0, 0, 0, 0, 0, 6, 3, 159
e:\WORK\Rtis-Vutfify\src\components\split-pane\trigger.vue, Vue.js, 0, 0, 0, 0, 41, 0, 0, 0, 0, 0, 0, 0, 3, 44
e:\WORK\Rtis-Vutfify\src\components\statistics-card\index.js, JavaScript, 2, 0, 0, 0, 0, 0, 0, 0, 0, 0, 0, 0, 1, 3
e:\WORK\Rtis-Vutfify\src\components\statistics-card\statistics-card.vue, Vue.js, 0, 0, 0, 0, 61, 0, 0, 0, 0, 0, 0, 0, 3, 64
e:\WORK\Rtis-Vutfify\src\components\tables\edit.vue, Vue.js, 0, 0, 0, 0, 71, 0, 0, 0, 0, 0, 0, 0, 3, 74
e:\WORK\Rtis-Vutfify\src\components\tables\handle-btns.js, JavaScript, 32, 0, 0, 0, 0, 0, 0, 0, 0, 0, 0, 0, 2, 34
e:\WORK\Rtis-Vutfify\src\components\tables\index.js, JavaScript, 2, 0, 0, 0, 0, 0, 0, 0, 0, 0, 0, 0, 1, 3
e:\WORK\Rtis-Vutfify\src\components\tables\index.less, Less, 0, 0, 0, 0, 0, 0, 17, 0, 0, 0, 0, 0, 1, 18
e:\WORK\Rtis-Vutfify\src\components\tables\tables.vue, Vue.js, 0, 0, 0, 0, 261, 0, 0, 0, 0, 0, 0, 15, 2, 278
e:\WORK\Rtis-Vutfify\src\components\tags-page-opened.vue, Vue.js, 0, 0, 0, 0, 168, 0, 0, 0, 0, 0, 0, 17, 4, 189
e:\WORK\Rtis-Vutfify\src\components\tenant-switch.vue, Vue.js, 0, 0, 0, 0, 64, 0, 0, 0, 0, 0, 0, 0, 2, 66
e:\WORK\Rtis-Vutfify\src\components\timeline\lib\index.js, JavaScript, 10, 0, 0, 0, 0, 0, 0, 0, 0, 0, 0, 0, 0, 10
e:\WORK\Rtis-Vutfify\src\components\timeline\lib\timeline copy.vue, Vue.js, 0, 0, 0, 0, 47, 0, 0, 0, 0, 0, 0, 0, 8, 55
e:\WORK\Rtis-Vutfify\src\components\timeline\lib\timeline.vue, Vue.js, 0, 0, 0, 0, 216, 0, 0, 0, 0, 0, 0, 16, 8, 240
e:\WORK\Rtis-Vutfify\src\components\timeline\utils\index.js, JavaScript, 51, 0, 0, 0, 0, 0, 0, 0, 0, 0, 0, 3, 5, 59
e:\WORK\Rtis-Vutfify\src\components\tools\tools.d.ts, TypeScript, 0, 0, 0, 0, 0, 2, 0, 0, 0, 0, 0, 122, 19, 143
e:\WORK\Rtis-Vutfify\src\components\tools\tools.js, JavaScript, 129, 0, 0, 0, 0, 0, 0, 0, 0, 0, 0, 72, 15, 216
e:\WORK\Rtis-Vutfify\src\components\tree-select\index.js, JavaScript, 1, 0, 0, 0, 0, 0, 0, 0, 0, 0, 0, 0, 1, 2
e:\WORK\Rtis-Vutfify\src\components\tree-select\tree-select-tree.vue, Vue.js, 0, 0, 0, 0, 129, 0, 0, 0, 0, 0, 0, 2, 5, 136
e:\WORK\Rtis-Vutfify\src\components\tree-select\tree-select.vue, Vue.js, 0, 0, 0, 0, 71, 0, 0, 0, 0, 0, 0, 0, 3, 74
e:\WORK\Rtis-Vutfify\src\components\webgl-tools\controls\OrbitControls.js, JavaScript, 444, 0, 0, 0, 0, 0, 0, 0, 0, 0, 0, 75, 387, 906
e:\WORK\Rtis-Vutfify\src\components\webgl-tools\loaders\ColladaLoader.js, JavaScript, 1952, 0, 0, 0, 0, 0, 0, 0, 0, 0, 0, 87, 1383, 3422
e:\WORK\Rtis-Vutfify\src\components\webgl-tools\loaders\DDSLoader.js, JavaScript, 175, 0, 0, 0, 0, 0, 0, 0, 0, 0, 0, 8, 89, 272
e:\WORK\Rtis-Vutfify\src\components\webgl-tools\loaders\GLTFLoader.js, JavaScript, 1415, 0, 0, 0, 0, 0, 0, 0, 0, 0, 0, 246, 977, 2638
e:\WORK\Rtis-Vutfify\src\components\webgl-tools\loaders\LoaderUtils.js, JavaScript, 19, 0, 0, 0, 0, 0, 0, 0, 0, 0, 0, 6, 21, 46
e:\WORK\Rtis-Vutfify\src\components\webgl-tools\loaders\MTLLoader.js, JavaScript, 259, 0, 0, 0, 0, 0, 0, 0, 0, 0, 0, 78, 218, 555
e:\WORK\Rtis-Vutfify\src\components\webgl-tools\loaders\OBJLoader.js, JavaScript, 384, 0, 0, 0, 0, 0, 0, 0, 0, 0, 0, 57, 274, 715
e:\WORK\Rtis-Vutfify\src\components\webgl-tools\loaders\PLYLoader.js, JavaScript, 265, 0, 0, 0, 0, 0, 0, 0, 0, 0, 0, 5, 206, 476
e:\WORK\Rtis-Vutfify\src\components\webgl-tools\loaders\STLLoader.js, JavaScript, 142, 0, 0, 0, 0, 0, 0, 0, 0, 0, 0, 11, 106, 259
e:\WORK\Rtis-Vutfify\src\components\webgl-tools\util.js, JavaScript, 114, 0, 0, 0, 0, 0, 0, 0, 0, 0, 0, 0, 61, 175
e:\WORK\Rtis-Vutfify\src\config\index.js, JavaScript, 18, 0, 0, 0, 0, 0, 0, 0, 0, 0, 0, 20, 2, 40
e:\WORK\Rtis-Vutfify\src\lib\SignalRAspNetCoreHelper.ts, TypeScript, 0, 0, 0, 0, 0, 16, 0, 0, 0, 0, 0, 0, 2, 18
e:\WORK\Rtis-Vutfify\src\lib\abp.d.ts, TypeScript, 0, 0, 0, 0, 0, 226, 0, 0, 0, 0, 0, 30, 199, 455
e:\WORK\Rtis-Vutfify\src\lib\abp.js, JavaScript, 601, 0, 0, 0, 0, 0, 0, 0, 0, 0, 0, 85, 206, 892
e:\WORK\Rtis-Vutfify\src\lib\abpbase.ts, TypeScript, 0, 0, 0, 0, 0, 36, 0, 0, 0, 0, 0, 0, 3, 39
e:\WORK\Rtis-Vutfify\src\lib\ajax.ts, TypeScript, 0, 0, 0, 0, 0, 34, 0, 0, 0, 0, 0, 0, 2, 36
e:\WORK\Rtis-Vutfify\src\lib\appconst.ts, TypeScript, 0, 0, 0, 0, 0, 15, 0, 0, 0, 0, 0, 1, 2, 18
e:\WORK\Rtis-Vutfify\src\lib\libs\OHIFViewer.js, JavaScript, 4, 0, 0, 0, 0, 0, 0, 0, 0, 0, 0, 9, 1, 14
e:\WORK\Rtis-Vutfify\src\lib\libs\api.request.js, JavaScript, 5, 0, 0, 0, 0, 0, 0, 0, 0, 0, 0, 0, 2, 7
e:\WORK\Rtis-Vutfify\src\lib\libs\axios.js, JavaScript, 66, 0, 0, 0, 0, 0, 0, 0, 0, 0, 0, 7, 2, 75
e:\WORK\Rtis-Vutfify\src\lib\libs\excel.js, JavaScript, 87, 0, 0, 0, 0, 0, 0, 0, 0, 0, 0, 16, 11, 114
e:\WORK\Rtis-Vutfify\src\lib\libs\render-dom.js, JavaScript, 10, 0, 0, 0, 0, 0, 0, 0, 0, 0, 0, 0, 1, 11
e:\WORK\Rtis-Vutfify\src\lib\libs\tools.js, JavaScript, 129, 0, 0, 0, 0, 0, 0, 0, 0, 0, 0, 72, 15, 216
e:\WORK\Rtis-Vutfify\src\lib\libs\umd\index.html, HTML, 0, 0, 0, 51, 0, 0, 0, 0, 0, 0, 0, 0, 9, 60
e:\WORK\Rtis-Vutfify\src\lib\libs\umd\index.umd.js, JavaScript, 432, 0, 0, 0, 0, 0, 0, 0, 0, 0, 0, 1288, 0, 1720
e:\WORK\Rtis-Vutfify\src\lib\libs\util.js, JavaScript, 296, 0, 0, 0, 0, 0, 0, 0, 0, 0, 0, 71, 33, 400
e:\WORK\Rtis-Vutfify\src\lib\tools\tools.d.ts, TypeScript, 0, 0, 0, 0, 0, 2, 0, 0, 0, 0, 0, 122, 19, 143
e:\WORK\Rtis-Vutfify\src\lib\tools\tools.js, JavaScript, 129, 0, 0, 0, 0, 0, 0, 0, 0, 0, 0, 72, 15, 216
e:\WORK\Rtis-Vutfify\src\lib\url.ts, TypeScript, 0, 0, 0, 0, 0, 2, 0, 0, 0, 0, 0, 4, 2, 8
e:\WORK\Rtis-Vutfify\src\lib\util.ts, TypeScript, 0, 0, 0, 0, 0, 300, 0, 0, 0, 0, 0, 3, 18, 321
e:\WORK\Rtis-Vutfify\src\main.ts, TypeScript, 0, 0, 0, 0, 0, 70, 0, 0, 0, 0, 0, 8, 14, 92
e:\WORK\Rtis-Vutfify\src\plugins\chartist.js, JavaScript, 3, 0, 0, 0, 0, 0, 0, 0, 0, 0, 0, 0, 1, 4
e:\WORK\Rtis-Vutfify\src\plugins\index.js, JavaScript, 2, 0, 0, 0, 0, 0, 0, 0, 0, 0, 0, 0, 2, 4
e:\WORK\Rtis-Vutfify\src\plugins\theme.js, JavaScript, 10, 0, 0, 0, 0, 0, 0, 0, 0, 0, 0, 0, 1, 11
e:\WORK\Rtis-Vutfify\src\plugins\vuetify.ts, TypeScript, 0, 0, 0, 0, 0, 10, 0, 0, 0, 0, 0, 1, 2, 13
e:\WORK\Rtis-Vutfify\src\registerServiceWorker.ts, TypeScript, 0, 0, 0, 0, 0, 29, 0, 0, 0, 0, 0, 1, 3, 33
e:\WORK\Rtis-Vutfify\src\router.ts, TypeScript, 0, 0, 0, 0, 0, 20, 0, 0, 0, 0, 0, 3, 3, 26
e:\WORK\Rtis-Vutfify\src\router\before-close.js, JavaScript, 15, 0, 0, 0, 0, 0, 0, 0, 0, 0, 0, 0, 3, 18
e:\WORK\Rtis-Vutfify\src\router\index.ts, TypeScript, 0, 0, 0, 0, 0, 53, 0, 0, 0, 0, 0, 2, 5, 60
e:\WORK\Rtis-Vutfify\src\router\router.ts, TypeScript, 0, 0, 0, 0, 0, 169, 0, 0, 0, 0, 0, 14, 24, 207
e:\WORK\Rtis-Vutfify\src\shims-tsx.d.ts, TypeScript, 0, 0, 0, 0, 0, 13, 0, 0, 0, 0, 0, 2, 3, 18
e:\WORK\Rtis-Vutfify\src\shims-vue.d.ts, TypeScript, 0, 0, 0, 0, 0, 4, 0, 0, 0, 0, 0, 0, 1, 5
e:\WORK\Rtis-Vutfify\src\store.ts, TypeScript, 0, 0, 0, 0, 0, 11, 0, 0, 0, 0, 0, 0, 6, 17
e:\WORK\Rtis-Vutfify\src\store\entities\arrangement\arrangement.ts, TypeScript, 0, 0, 0, 0, 0, 8, 0, 0, 0, 0, 0, 5, 7, 20
e:\WORK\Rtis-Vutfify\src\store\entities\arrangement\arrangementFormItem.ts, TypeScript, 0, 0, 0, 0, 0, 16, 0, 0, 0, 0, 0, 0, 1, 17
e:\WORK\Rtis-Vutfify\src\store\entities\arrangement\arrangementTable.ts, TypeScript, 0, 0, 0, 0, 0, 4, 0, 0, 0, 0, 0, 0, 3, 7
e:\WORK\Rtis-Vutfify\src\store\entities\arrangement\arrangementlist.ts, TypeScript, 0, 0, 0, 0, 0, 7, 0, 0, 0, 0, 0, 0, 2, 9
e:\WORK\Rtis-Vutfify\src\store\entities\arrangement\getArrangement.ts, TypeScript, 0, 0, 0, 0, 0, 22, 0, 0, 0, 0, 0, 0, 7, 29
e:\WORK\Rtis-Vutfify\src\store\entities\arrangement\patientInfo.ts, TypeScript, 0, 0, 0, 0, 0, 15, 0, 0, 0, 0, 0, 0, 1, 16
e:\WORK\Rtis-Vutfify\src\store\entities\arrangement\rtisDictList.ts, TypeScript, 0, 0, 0, 0, 0, 4, 0, 0, 0, 0, 0, 0, 3, 7
e:\WORK\Rtis-Vutfify\src\store\entities\entity.ts, TypeScript, 0, 0, 0, 0, 0, 3, 0, 0, 0, 0, 0, 0, 0, 3
e:\WORK\Rtis-Vutfify\src\store\entities\home.ts, TypeScript, 0, 0, 0, 0, 0, 74, 0, 0, 0, 0, 0, 0, 12, 86
e:\WORK\Rtis-Vutfify\src\store\entities\location1\ctsimOrder.ts, TypeScript, 0, 0, 0, 0, 0, 21, 0, 0, 0, 0, 0, 0, 1, 22
e:\WORK\Rtis-Vutfify\src\store\entities\location1\locationList.ts, TypeScript, 0, 0, 0, 0, 0, 4, 0, 0, 0, 0, 0, 38, 4, 46
e:\WORK\Rtis-Vutfify\src\store\entities\location1\patient.ts, TypeScript, 0, 0, 0, 0, 0, 0, 0, 0, 0, 0, 0, 28, 2, 30
e:\WORK\Rtis-Vutfify\src\store\entities\location1\registration.ts, TypeScript, 0, 0, 0, 0, 0, 0, 0, 0, 0, 0, 0, 17, 3, 20
e:\WORK\Rtis-Vutfify\src\store\entities\location1\sdto.ts, TypeScript, 0, 0, 0, 0, 0, 24, 0, 0, 0, 0, 0, 0, 1, 25
e:\WORK\Rtis-Vutfify\src\store\entities\locationList.ts, TypeScript, 0, 0, 0, 0, 0, 4, 0, 0, 0, 0, 0, 38, 4, 46
e:\WORK\Rtis-Vutfify\src\store\entities\page-request.ts, TypeScript, 0, 0, 0, 0, 0, 9, 0, 0, 0, 0, 0, 0, 0, 9
e:\WORK\Rtis-Vutfify\src\store\entities\page-result.ts, TypeScript, 0, 0, 0, 0, 0, 4, 0, 0, 0, 0, 0, 0, 0, 4
e:\WORK\Rtis-Vutfify\src\store\entities\patient.ts, TypeScript, 0, 0, 0, 0, 0, 49, 0, 0, 0, 0, 0, 45, 13, 107
e:\WORK\Rtis-Vutfify\src\store\entities\patientTreatment.ts, TypeScript, 0, 0, 0, 0, 0, 4, 0, 0, 0, 0, 0, 38, 4, 46
e:\WORK\Rtis-Vutfify\src\store\entities\patientTreatmentList.ts, TypeScript, 0, 0, 0, 0, 0, 4, 0, 0, 0, 0, 0, 38, 4, 46
e:\WORK\Rtis-Vutfify\src\store\entities\patientTreatment\ImperilListDto.ts, TypeScript, 0, 0, 0, 0, 0, 9, 0, 0, 0, 0, 0, 0, 6, 15
e:\WORK\Rtis-Vutfify\src\store\entities\patientTreatment\TargetListDto.ts, TypeScript, 0, 0, 0, 0, 0, 11, 0, 0, 0, 0, 0, 0, 4, 15
e:\WORK\Rtis-Vutfify\src\store\entities\patientTreatment\chest.ts, TypeScript, 0, 0, 0, 0, 0, 24, 0, 0, 0, 0, 0, 12, 9, 45
e:\WORK\Rtis-Vutfify\src\store\entities\patientTreatment\consent\consent.ts, TypeScript, 0, 0, 0, 0, 0, 10, 0, 0, 0, 0, 0, 0, 3, 13
e:\WORK\Rtis-Vutfify\src\store\entities\patientTreatment\ctsimOrders.ts, TypeScript, 0, 0, 0, 0, 0, 9, 0, 0, 0, 0, 0, 0, 3, 12
e:\WORK\Rtis-Vutfify\src\store\entities\patientTreatment\diagnosis.ts, TypeScript, 0, 0, 0, 0, 0, 9, 0, 0, 0, 0, 0, 0, 1, 10
e:\WORK\Rtis-Vutfify\src\store\entities\patientTreatment\diagnosisSets.ts, TypeScript, 0, 0, 0, 0, 0, 5, 0, 0, 0, 0, 0, 0, 3, 8
e:\WORK\Rtis-Vutfify\src\store\entities\patientTreatment\header.ts, TypeScript, 0, 0, 0, 0, 0, 24, 0, 0, 0, 0, 0, 0, 10, 34
e:\WORK\Rtis-Vutfify\src\store\entities\patientTreatment\headerPatientInfo.ts, TypeScript, 0, 0, 0, 0, 0, 15, 0, 0, 0, 0, 0, 0, 2, 17
e:\WORK\Rtis-Vutfify\src\store\entities\patientTreatment\hospitalizedScoreDiagnosis.ts, TypeScript, 0, 0, 0, 0, 0, 10, 0, 0, 0, 0, 0, 0, 0, 10
e:\WORK\Rtis-Vutfify\src\store\entities\patientTreatment\medicalOrder.ts, TypeScript, 0, 0, 0, 0, 0, 19, 0, 0, 0, 0, 0, 0, 4, 23
e:\WORK\Rtis-Vutfify\src\store\entities\patientTreatment\pathologyDiagnosis.ts, TypeScript, 0, 0, 0, 0, 0, 9, 0, 0, 0, 0, 0, 0, 0, 9
e:\WORK\Rtis-Vutfify\src\store\entities\patientTreatment\patient.ts, TypeScript, 0, 0, 0, 0, 0, 37, 0, 0, 0, 0, 0, 34, 2, 73
e:\WORK\Rtis-Vutfify\src\store\entities\patientTreatment\patientDiagnosis.ts, TypeScript, 0, 0, 0, 0, 0, 12, 0, 0, 0, 0, 0, 0, 0, 12
e:\WORK\Rtis-Vutfify\src\store\entities\patientTreatment\patientResource.ts, TypeScript, 0, 0, 0, 0, 0, 9, 0, 0, 0, 0, 0, 0, 3, 12
e:\WORK\Rtis-Vutfify\src\store\entities\patientTreatment\patientTreatment.ts, TypeScript, 0, 0, 0, 0, 0, 4, 0, 0, 0, 0, 0, 38, 4, 46
e:\WORK\Rtis-Vutfify\src\store\entities\patientTreatment\patientTreatmentDetail.ts, TypeScript, 0, 0, 0, 0, 0, 7, 0, 0, 0, 0, 0, 0, 0, 7
e:\WORK\Rtis-Vutfify\src\store\entities\patientTreatment\patientTreatmentList.ts, TypeScript, 0, 0, 0, 0, 0, 4, 0, 0, 0, 0, 0, 38, 4, 46
e:\WORK\Rtis-Vutfify\src\store\entities\patientTreatment\planApplication.ts, TypeScript, 0, 0, 0, 0, 0, 0, 0, 0, 0, 0, 0, 81, 17, 98
e:\WORK\Rtis-Vutfify\src\store\entities\patientTreatment\prescription.ts, TypeScript, 0, 0, 0, 0, 0, 12, 0, 0, 0, 0, 0, 0, 0, 12
e:\WORK\Rtis-Vutfify\src\store\entities\patientTreatment\prescriptionDetail.ts, TypeScript, 0, 0, 0, 0, 0, 7, 0, 0, 0, 0, 0, 0, 1, 8
e:\WORK\Rtis-Vutfify\src\store\entities\patientTreatment\prescriptions.ts, TypeScript, 0, 0, 0, 0, 0, 12, 0, 0, 0, 0, 0, 0, 2, 14
e:\WORK\Rtis-Vutfify\src\store\entities\patientTreatment\targetingApplication.ts, TypeScript, 0, 0, 0, 0, 0, 7, 0, 0, 0, 0, 0, 31, 8, 46
e:\WORK\Rtis-Vutfify\src\store\entities\planApplication.ts, TypeScript, 0, 0, 0, 0, 0, 3, 0, 0, 0, 0, 0, 0, 2, 5
e:\WORK\Rtis-Vutfify\src\store\entities\plan\list.ts, TypeScript, 0, 0, 0, 0, 0, 64, 0, 0, 0, 0, 0, 4, 12, 80
e:\WORK\Rtis-Vutfify\src\store\entities\plan\patientTop.ts, TypeScript, 0, 0, 0, 0, 0, 13, 0, 0, 0, 0, 0, 0, 4, 17
e:\WORK\Rtis-Vutfify\src\store\entities\plan\planApplication.ts, TypeScript, 0, 0, 0, 0, 0, 21, 0, 0, 0, 0, 0, 0, 6, 27
e:\WORK\Rtis-Vutfify\src\store\entities\plan\planList.ts, TypeScript, 0, 0, 0, 0, 0, 4, 0, 0, 0, 0, 0, 38, 4, 46
e:\WORK\Rtis-Vutfify\src\store\entities\projectContent.ts, TypeScript, 0, 0, 0, 0, 0, 61, 0, 0, 0, 0, 0, 8, 14, 83
e:\WORK\Rtis-Vutfify\src\store\entities\review\approvePlan\LeftPatientInfo.ts, TypeScript, 0, 0, 0, 0, 0, 7, 0, 0, 0, 0, 0, 0, 1, 8
e:\WORK\Rtis-Vutfify\src\store\entities\review\approvePlan\approvePlan.ts, TypeScript, 0, 0, 0, 0, 0, 175, 0, 0, 0, 0, 0, 0, 14, 189
e:\WORK\Rtis-Vutfify\src\store\entities\review\approvePlan\diagnosis.ts, TypeScript, 0, 0, 0, 0, 0, 119, 0, 0, 0, 0, 0, 0, 14, 133
e:\WORK\Rtis-Vutfify\src\store\entities\review\approvePlan\patient.ts, TypeScript, 0, 0, 0, 0, 0, 36, 0, 0, 0, 0, 0, 0, 4, 40
e:\WORK\Rtis-Vutfify\src\store\entities\review\examineLocationResult\examineLocationResult.ts, TypeScript, 0, 0, 0, 0, 0, 166, 0, 0, 0, 0, 0, 0, 19, 185
e:\WORK\Rtis-Vutfify\src\store\entities\review\leftPatientInfo.ts, TypeScript, 0, 0, 0, 0, 0, 159, 0, 0, 0, 0, 0, 0, 16, 175
e:\WORK\Rtis-Vutfify\src\store\entities\review\more.ts, TypeScript, 0, 0, 0, 0, 0, 6, 0, 0, 0, 0, 0, 0, 4, 10
e:\WORK\Rtis-Vutfify\src\store\entities\review\projectLocationDetailed.ts, TypeScript, 0, 0, 0, 0, 0, 12, 0, 0, 0, 0, 0, 0, 3, 15
e:\WORK\Rtis-Vutfify\src\store\entities\review\reviewList.ts, TypeScript, 0, 0, 0, 0, 0, 6, 0, 0, 0, 0, 0, 0, 4, 10
e:\WORK\Rtis-Vutfify\src\store\entities\role.ts, TypeScript, 0, 0, 0, 0, 0, 9, 0, 0, 0, 0, 0, 0, 1, 10
e:\WORK\Rtis-Vutfify\src\store\entities\schedule\getSchedul.ts, TypeScript, 0, 0, 0, 0, 0, 19, 0, 0, 0, 0, 0, 0, 1, 20
e:\WORK\Rtis-Vutfify\src\store\entities\schedule\patientInfo.ts, TypeScript, 0, 0, 0, 0, 0, 15, 0, 0, 0, 0, 0, 0, 1, 16
e:\WORK\Rtis-Vutfify\src\store\entities\schedule\planList.ts, TypeScript, 0, 0, 0, 0, 0, 5, 0, 0, 0, 0, 0, 0, 4, 9
e:\WORK\Rtis-Vutfify\src\store\entities\schedule\rtisDictList.ts, TypeScript, 0, 0, 0, 0, 0, 4, 0, 0, 0, 0, 0, 0, 3, 7
e:\WORK\Rtis-Vutfify\src\store\entities\schedule\schedule.ts, TypeScript, 0, 0, 0, 0, 0, 8, 0, 0, 0, 0, 0, 5, 7, 20
e:\WORK\Rtis-Vutfify\src\store\entities\schedule\scheduleFormItem.ts, TypeScript, 0, 0, 0, 0, 0, 16, 0, 0, 0, 0, 0, 0, 1, 17
e:\WORK\Rtis-Vutfify\src\store\entities\schedule\scheduleTable.ts, TypeScript, 0, 0, 0, 0, 0, 4, 0, 0, 0, 0, 0, 0, 3, 7
e:\WORK\Rtis-Vutfify\src\store\entities\schedule\schedulelist.ts, TypeScript, 0, 0, 0, 0, 0, 7, 0, 0, 0, 0, 0, 0, 2, 9
e:\WORK\Rtis-Vutfify\src\store\entities\target\ctsimOrder.ts, TypeScript, 0, 0, 0, 0, 0, 21, 0, 0, 0, 0, 0, 0, 1, 22
e:\WORK\Rtis-Vutfify\src\store\entities\target\locationList.ts, TypeScript, 0, 0, 0, 0, 0, 4, 0, 0, 0, 0, 0, 38, 4, 46
e:\WORK\Rtis-Vutfify\src\store\entities\target\patient.ts, TypeScript, 0, 0, 0, 0, 0, 0, 0, 0, 0, 0, 0, 28, 2, 30
e:\WORK\Rtis-Vutfify\src\store\entities\target\registration.ts, TypeScript, 0, 0, 0, 0, 0, 0, 0, 0, 0, 0, 0, 17, 3, 20
e:\WORK\Rtis-Vutfify\src\store\entities\target\reviewTargetingApplication.ts, TypeScript, 0, 0, 0, 0, 0, 3, 0, 0, 0, 0, 0, 0, 3, 6
e:\WORK\Rtis-Vutfify\src\store\entities\target\sdto.ts, TypeScript, 0, 0, 0, 0, 0, 24, 0, 0, 0, 0, 0, 0, 1, 25
e:\WORK\Rtis-Vutfify\src\store\entities\target\targetResource.ts, TypeScript, 0, 0, 0, 0, 0, 3, 0, 0, 0, 0, 0, 0, 3, 6
e:\WORK\Rtis-Vutfify\src\store\entities\targetingApplication.ts, TypeScript, 0, 0, 0, 0, 0, 3, 0, 0, 0, 0, 0, 0, 2, 5
e:\WORK\Rtis-Vutfify\src\store\entities\tenant.ts, TypeScript, 0, 0, 0, 0, 0, 8, 0, 0, 0, 0, 0, 0, 1, 9
e:\WORK\Rtis-Vutfify\src\store\entities\user.ts, TypeScript, 0, 0, 0, 0, 0, 4, 0, 0, 0, 0, 0, 0, 0, 4
e:\WORK\Rtis-Vutfify\src\store\index.ts, TypeScript, 0, 0, 0, 0, 0, 58, 0, 0, 0, 0, 0, 3, 3, 64
e:\WORK\Rtis-Vutfify\src\store\modules\account.ts, TypeScript, 0, 0, 0, 0, 0, 13, 0, 0, 0, 0, 0, 0, 1, 14
e:\WORK\Rtis-Vutfify\src\store\modules\app.ts, TypeScript, 0, 0, 0, 0, 0, 243, 0, 0, 0, 0, 0, 15, 19, 277
e:\WORK\Rtis-Vutfify\src\store\modules\arrangement\arrangementList.ts, TypeScript, 0, 0, 0, 0, 0, 81, 0, 0, 0, 0, 0, 0, 12, 93
e:\WORK\Rtis-Vutfify\src\store\modules\arrangement\arrangementTable.ts, TypeScript, 0, 0, 0, 0, 0, 99, 0, 0, 0, 0, 0, 3, 12, 114
e:\WORK\Rtis-Vutfify\src\store\modules\home.ts, TypeScript, 0, 0, 0, 0, 0, 57, 0, 0, 0, 0, 0, 32, 15, 104
e:\WORK\Rtis-Vutfify\src\store\modules\list-actions.ts, TypeScript, 0, 0, 0, 0, 0, 7, 0, 0, 0, 0, 0, 0, 1, 8
e:\WORK\Rtis-Vutfify\src\store\modules\list-module.ts, TypeScript, 0, 0, 0, 0, 0, 20, 0, 0, 0, 0, 0, 0, 4, 24
e:\WORK\Rtis-Vutfify\src\store\modules\list-mutations.ts, TypeScript, 0, 0, 0, 0, 0, 9, 0, 0, 0, 0, 0, 0, 2, 11
e:\WORK\Rtis-Vutfify\src\store\modules\list-state.ts, TypeScript, 0, 0, 0, 0, 0, 7, 0, 0, 0, 0, 0, 0, 0, 7
e:\WORK\Rtis-Vutfify\src\store\modules\location1\locationList.ts, TypeScript, 0, 0, 0, 0, 0, 0, 0, 0, 0, 0, 0, 137, 17, 154
e:\WORK\Rtis-Vutfify\src\store\modules\location1\registration.ts, TypeScript, 0, 0, 0, 0, 0, 70, 0, 0, 0, 0, 0, 0, 11, 81
e:\WORK\Rtis-Vutfify\src\store\modules\locationList.ts, TypeScript, 0, 0, 0, 0, 0, 0, 0, 0, 0, 0, 0, 83, 14, 97
e:\WORK\Rtis-Vutfify\src\store\modules\patient.ts, TypeScript, 0, 0, 0, 0, 0, 132, 0, 0, 0, 0, 0, 3, 14, 149
e:\WORK\Rtis-Vutfify\src\store\modules\patientTreatment\consent\consent.ts, TypeScript, 0, 0, 0, 0, 0, 45, 0, 0, 0, 0, 0, 0, 7, 52
e:\WORK\Rtis-Vutfify\src\store\modules\patientTreatment\patientResource.ts, TypeScript, 0, 0, 0, 0, 0, 164, 0, 0, 0, 0, 0, 1, 28, 193
e:\WORK\Rtis-Vutfify\src\store\modules\patientTreatment\patientTreatmentDetail.ts, TypeScript, 0, 0, 0, 0, 0, 75, 0, 0, 0, 0, 0, 9, 10, 94
e:\WORK\Rtis-Vutfify\src\store\modules\patientTreatment\patientTreatmentList.ts, TypeScript, 0, 0, 0, 0, 0, 79, 0, 0, 0, 0, 0, 29, 13, 121
e:\WORK\Rtis-Vutfify\src\store\modules\patientTreatment\program.ts, TypeScript, 0, 0, 0, 0, 0, 52, 0, 0, 0, 0, 0, 14, 16, 82
e:\WORK\Rtis-Vutfify\src\store\modules\patientTreatment\targetingApplication.ts, TypeScript, 0, 0, 0, 0, 0, 75, 0, 0, 0, 0, 0, 61, 18, 154
e:\WORK\Rtis-Vutfify\src\store\modules\planApplication.ts, TypeScript, 0, 0, 0, 0, 0, 0, 0, 0, 0, 0, 0, 115, 16, 131
e:\WORK\Rtis-Vutfify\src\store\modules\plan\planApplication.ts, TypeScript, 0, 0, 0, 0, 0, 159, 0, 0, 0, 0, 0, 2, 27, 188
e:\WORK\Rtis-Vutfify\src\store\modules\plan\planList.ts, TypeScript, 0, 0, 0, 0, 0, 83, 0, 0, 0, 0, 0, 0, 15, 98
e:\WORK\Rtis-Vutfify\src\store\modules\plan\treatmentPlan.ts, TypeScript, 0, 0, 0, 0, 0, 83, 0, 0, 0, 0, 0, 0, 14, 97
e:\WORK\Rtis-Vutfify\src\store\modules\review\more.ts, TypeScript, 0, 0, 0, 0, 0, 113, 0, 0, 0, 0, 0, 10, 9, 132
e:\WORK\Rtis-Vutfify\src\store\modules\review\reviewList.ts, TypeScript, 0, 0, 0, 0, 0, 52, 0, 0, 0, 0, 0, 0, 4, 56
e:\WORK\Rtis-Vutfify\src\store\modules\role.ts, TypeScript, 0, 0, 0, 0, 0, 0, 0, 0, 0, 0, 0, 61, 1, 62
e:\WORK\Rtis-Vutfify\src\store\modules\schedule\scheduleList.ts, TypeScript, 0, 0, 0, 0, 0, 81, 0, 0, 0, 0, 0, 0, 13, 94
e:\WORK\Rtis-Vutfify\src\store\modules\schedule\scheduleTable.ts, TypeScript, 0, 0, 0, 0, 0, 105, 0, 0, 0, 0, 0, 0, 10, 115
e:\WORK\Rtis-Vutfify\src\store\modules\session.ts, TypeScript, 0, 0, 0, 0, 0, 30, 0, 0, 0, 0, 0, 0, 0, 30
e:\WORK\Rtis-Vutfify\src\store\modules\target\registration.ts, TypeScript, 0, 0, 0, 0, 0, 70, 0, 0, 0, 0, 0, 0, 11, 81
e:\WORK\Rtis-Vutfify\src\store\modules\target\reviewTargetingApplication.ts, TypeScript, 0, 0, 0, 0, 0, 47, 0, 0, 0, 0, 0, 3, 9, 59
e:\WORK\Rtis-Vutfify\src\store\modules\target\targetResource.ts, TypeScript, 0, 0, 0, 0, 0, 170, 0, 0, 0, 0, 0, 2, 15, 187
e:\WORK\Rtis-Vutfify\src\store\modules\targetingApplication.ts, TypeScript, 0, 0, 0, 0, 0, 0, 0, 0, 0, 0, 0, 115, 16, 131
e:\WORK\Rtis-Vutfify\src\store\modules\tenant.ts, TypeScript, 0, 0, 0, 0, 0, 0, 0, 0, 0, 0, 0, 56, 0, 56
e:\WORK\Rtis-Vutfify\src\store\modules\user.ts, TypeScript, 0, 0, 0, 0, 0, 0, 0, 0, 0, 0, 0, 68, 2, 70
e:\WORK\Rtis-Vutfify\src\styles\index.scss, SCSS, 0, 0, 0, 0, 0, 0, 0, 0, 17, 0, 0, 17, 2, 36
e:\WORK\Rtis-Vutfify\src\styles\material-dashboard\_alerts.scss, SCSS, 0, 0, 0, 0, 0, 0, 0, 0, 41, 0, 0, 0, 8, 49
e:\WORK\Rtis-Vutfify\src\styles\material-dashboard\_buttons.scss, SCSS, 0, 0, 0, 0, 0, 0, 0, 0, 84, 0, 0, 0, 18, 102
e:\WORK\Rtis-Vutfify\src\styles\material-dashboard\_cards.scss, SCSS, 0, 0, 0, 0, 0, 0, 0, 0, 137, 0, 0, 0, 31, 168
e:\WORK\Rtis-Vutfify\src\styles\material-dashboard\_checkboxes.scss, SCSS, 0, 0, 0, 0, 0, 0, 0, 0, 3, 0, 0, 0, 1, 4
e:\WORK\Rtis-Vutfify\src\styles\material-dashboard\_colors.scss, SCSS, 0, 0, 0, 0, 0, 0, 0, 0, 287, 0, 0, 0, 39, 326
e:\WORK\Rtis-Vutfify\src\styles\material-dashboard\_dropdown.scss, SCSS, 0, 0, 0, 0, 0, 0, 0, 0, 27, 0, 0, 0, 5, 32
e:\WORK\Rtis-Vutfify\src\styles\material-dashboard\_fixed-plugin.scss, SCSS, 0, 0, 0, 0, 0, 0, 0, 0, 39, 0, 0, 0, 8, 47
e:\WORK\Rtis-Vutfify\src\styles\material-dashboard\_footer.scss, SCSS, 0, 0, 0, 0, 0, 0, 0, 0, 54, 0, 0, 0, 10, 64
e:\WORK\Rtis-Vutfify\src\styles\material-dashboard\_inputs.scss, SCSS, 0, 0, 0, 0, 0, 0, 0, 0, 29, 0, 0, 0, 6, 35
e:\WORK\Rtis-Vutfify\src\styles\material-dashboard\_misc.scss, SCSS, 0, 0, 0, 0, 0, 0, 0, 0, 44, 0, 0, 0, 11, 55
e:\WORK\Rtis-Vutfify\src\styles\material-dashboard\_mixins.scss, SCSS, 0, 0, 0, 0, 0, 0, 0, 0, 139, 0, 0, 1, 23, 163
e:\WORK\Rtis-Vutfify\src\styles\material-dashboard\_sidebar.scss, SCSS, 0, 0, 0, 0, 0, 0, 0, 0, 68, 0, 0, 0, 18, 86
e:\WORK\Rtis-Vutfify\src\styles\material-dashboard\_tables.scss, SCSS, 0, 0, 0, 0, 0, 0, 0, 0, 26, 0, 0, 0, 7, 33
e:\WORK\Rtis-Vutfify\src\styles\material-dashboard\_tabs.scss, SCSS, 0, 0, 0, 0, 0, 0, 0, 0, 33, 0, 0, 0, 8, 41
e:\WORK\Rtis-Vutfify\src\styles\material-dashboard\_toolbar.scss, SCSS, 0, 0, 0, 0, 0, 0, 0, 0, 64, 0, 0, 0, 12, 76
e:\WORK\Rtis-Vutfify\src\styles\material-dashboard\_tooltips.scss, SCSS, 0, 0, 0, 0, 0, 0, 0, 0, 52, 0, 0, 0, 4, 56
e:\WORK\Rtis-Vutfify\src\styles\material-dashboard\_typography.scss, SCSS, 0, 0, 0, 0, 0, 0, 0, 0, 69, 0, 0, 0, 8, 77
e:\WORK\Rtis-Vutfify\src\styles\material-dashboard\_variables.scss, SCSS, 0, 0, 0, 0, 0, 0, 0, 0, 105, 0, 0, 30, 30, 165
e:\WORK\Rtis-Vutfify\src\test copy.js, JavaScript, 345, 0, 0, 0, 0, 0, 0, 0, 0, 0, 0, 4, 38, 387
e:\WORK\Rtis-Vutfify\src\test.html, HTML, 0, 0, 0, 320, 0, 0, 0, 0, 0, 0, 0, 0, 1, 321
e:\WORK\Rtis-Vutfify\src\test.js, JavaScript, 284, 0, 0, 0, 0, 0, 0, 0, 0, 0, 0, 1, 7, 292
e:\WORK\Rtis-Vutfify\src\theme.less, Less, 0, 0, 0, 0, 0, 0, 9, 0, 0, 0, 0, 1, 4, 14
e:\WORK\Rtis-Vutfify\src\utils\vuex.js, JavaScript, 2, 0, 0, 0, 0, 0, 0, 0, 0, 0, 0, 0, 2, 4
e:\WORK\Rtis-Vutfify\src\views\basicInfo\ctImage.vue, Vue.js, 0, 0, 0, 0, 0, 0, 0, 0, 0, 0, 0, 0, 1, 1
e:\WORK\Rtis-Vutfify\src\views\basicInfo\dicom.vue, Vue.js, 0, 0, 0, 0, 0, 0, 0, 0, 0, 0, 0, 290, 44, 334
e:\WORK\Rtis-Vutfify\src\views\basicInfo\dist\cornerstoneWADOImageLoader.js, JavaScript, 3071, 0, 0, 0, 0, 0, 0, 0, 0, 0, 0, 628, 1123, 4822
e:\WORK\Rtis-Vutfify\src\views\basicInfo\dist\cornerstoneWADOImageLoader.min.js, JavaScript, 1, 0, 0, 0, 0, 0, 0, 0, 0, 0, 0, 2, 0, 3
e:\WORK\Rtis-Vutfify\src\views\basicInfo\dist\cornerstoneWADOImageLoaderCodecs.js, JavaScript, 1878, 0, 0, 0, 0, 0, 0, 0, 0, 0, 0, 471, 483, 2832
e:\WORK\Rtis-Vutfify\src\views\basicInfo\dist\cornerstoneWADOImageLoaderCodecs.min.js, JavaScript, 3, 0, 0, 0, 0, 0, 0, 0, 0, 0, 0, 1, 0, 4
e:\WORK\Rtis-Vutfify\src\views\basicInfo\dist\cornerstoneWADOImageLoaderWebWorker.js, JavaScript, 784, 0, 0, 0, 0, 0, 0, 0, 0, 0, 0, 216, 261, 1261
e:\WORK\Rtis-Vutfify\src\views\basicInfo\dist\cornerstoneWADOImageLoaderWebWorker.min.js, JavaScript, 1, 0, 0, 0, 0, 0, 0, 0, 0, 0, 0, 2, 0, 3
e:\WORK\Rtis-Vutfify\src\views\basicInfo\formBasic.vue, Vue.js, 0, 0, 0, 0, 99, 0, 0, 0, 0, 0, 0, 0, 2, 101
e:\WORK\Rtis-Vutfify\src\views\basicInfo\header.vue, Vue.js, 0, 0, 0, 0, 612, 0, 0, 0, 0, 0, 0, 16, 38, 666
e:\WORK\Rtis-Vutfify\src\views\basicInfo\util\util.d.ts, TypeScript, 0, 0, 0, 0, 0, 1, 0, 0, 0, 0, 0, 0, 0, 1
e:\WORK\Rtis-Vutfify\src\views\basicInfo\util\util.js, JavaScript, 114, 0, 0, 0, 0, 0, 0, 0, 0, 0, 0, 0, 61, 175
e:\WORK\Rtis-Vutfify\src\views\customize\headerBar.vue, Vue.js, 0, 0, 0, 0, 52, 0, 0, 0, 0, 0, 0, 0, 3, 55
e:\WORK\Rtis-Vutfify\src\views\customize\patientItemCard.vue, Vue.js, 0, 0, 0, 0, 168, 0, 0, 0, 0, 0, 0, 0, 7, 175
e:\WORK\Rtis-Vutfify\src\views\customize\patientSearchItem.vue, Vue.js, 0, 0, 0, 0, 110, 0, 0, 0, 0, 0, 0, 0, 8, 118
e:\WORK\Rtis-Vutfify\src\views\customize\searchButtonGroup.vue, Vue.js, 0, 0, 0, 0, 42, 0, 0, 0, 0, 0, 0, 0, 6, 48
e:\WORK\Rtis-Vutfify\src\views\customize\sortBtn.vue, Vue.js, 0, 0, 0, 0, 69, 0, 0, 0, 0, 0, 0, 0, 6, 75
e:\WORK\Rtis-Vutfify\src\views\home\calendar.vue, Vue.js, 0, 0, 0, 0, 95, 0, 0, 0, 0, 0, 0, 1, 3, 99
e:\WORK\Rtis-Vutfify\src\views\home\home copy 2.vue, Vue.js, 0, 0, 0, 0, 287, 0, 0, 0, 0, 0, 0, 2, 12, 301
e:\WORK\Rtis-Vutfify\src\views\home\home copy 3.vue, Vue.js, 0, 0, 0, 0, 239, 0, 0, 0, 0, 0, 0, 0, 6, 245
e:\WORK\Rtis-Vutfify\src\views\home\home copy.vue, Vue.js, 0, 0, 0, 0, 159, 0, 0, 0, 0, 0, 0, 2, 13, 174
e:\WORK\Rtis-Vutfify\src\views\home\home.vue, Vue.js, 0, 0, 0, 0, 530, 0, 0, 0, 0, 0, 0, 1, 9, 540
e:\WORK\Rtis-Vutfify\src\views\home\workcard.vue, Vue.js, 0, 0, 0, 0, 298, 0, 0, 0, 0, 0, 0, 36, 23, 357
e:\WORK\Rtis-Vutfify\src\views\login.vue, Vue.js, 0, 0, 0, 0, 161, 0, 0, 0, 0, 0, 0, 3, 5, 169
e:\WORK\Rtis-Vutfify\src\views\main copy.less, Less, 0, 0, 0, 0, 0, 0, 480, 0, 0, 0, 0, 23, 118, 621
e:\WORK\Rtis-Vutfify\src\views\main.less, Less, 0, 0, 0, 0, 0, 0, 537, 0, 0, 0, 0, 25, 132, 694
e:\WORK\Rtis-Vutfify\src\views\main.vue, Vue.js, 0, 0, 0, 0, 230, 0, 0, 0, 0, 0, 0, 0, 14, 244
e:\WORK\Rtis-Vutfify\src\views\main\accountsTable.vue, Vue.js, 0, 0, 0, 0, 74, 0, 0, 0, 0, 0, 0, 0, 5, 79
e:\WORK\Rtis-Vutfify\src\views\main\changePassword.vue, Vue.js, 0, 0, 0, 0, 36, 0, 0, 0, 0, 0, 0, 0, 4, 40
e:\WORK\Rtis-Vutfify\src\views\main\loginAttempt.vue, Vue.js, 0, 0, 0, 0, 116, 0, 0, 0, 0, 0, 0, 1, 8, 125
e:\WORK\Rtis-Vutfify\src\views\main\mySetting.vue, Vue.js, 0, 0, 0, 0, 41, 0, 0, 0, 0, 0, 0, 0, 3, 44
e:\WORK\Rtis-Vutfify\src\views\main\setting.vue, Vue.js, 0, 0, 0, 0, 245, 0, 0, 0, 0, 0, 0, 2, 14, 261
e:\WORK\Rtis-Vutfify\src\views\setting\arrangement\arrangement.vue, Vue.js, 0, 0, 0, 0, 7, 0, 0, 0, 0, 0, 0, 0, 2, 9
e:\WORK\Rtis-Vutfify\src\views\setting\arrangement\arrangementList.vue, Vue.js, 0, 0, 0, 0, 488, 0, 0, 0, 0, 0, 0, 25, 22, 535
e:\WORK\Rtis-Vutfify\src\views\setting\arrangement\arrangementTable copy.vue, Vue.js, 0, 0, 0, 0, 341, 0, 0, 0, 0, 0, 0, 0, 4, 345
e:\WORK\Rtis-Vutfify\src\views\setting\arrangement\arrangementTable.vue, Vue.js, 0, 0, 0, 0, 458, 0, 0, 0, 0, 0, 0, 166, 25, 649
e:\WORK\Rtis-Vutfify\src\views\setting\arrangement\lunarfullcalendar\fullcalendar\fullcalendar.css, CSS, 0, 0, 0, 0, 0, 0, 0, 0, 0, 816, 0, 252, 231, 1299
e:\WORK\Rtis-Vutfify\src\views\setting\arrangement\lunarfullcalendar\fullcalendar\fullcalendar.js, JavaScript, 13181, 0, 0, 0, 0, 0, 0, 0, 0, 0, 0, 2150, 312, 15643
e:\WORK\Rtis-Vutfify\src\views\setting\arrangement\lunarfullcalendar\index.js, JavaScript, 2, 0, 0, 0, 0, 0, 0, 0, 0, 0, 0, 0, 1, 3
e:\WORK\Rtis-Vutfify\src\views\setting\arrangement\lunarfullcalendar\lunarfullcalendar.vue, Vue.js, 0, 0, 0, 0, 175, 0, 0, 0, 0, 0, 0, 0, 32, 207
e:\WORK\Rtis-Vutfify\src\views\setting\patientTreatment\consent\consent.vue, Vue.js, 0, 0, 0, 0, 196, 0, 0, 0, 0, 0, 0, 1, 21, 218
e:\WORK\Rtis-Vutfify\src\views\setting\patientTreatment\consent\consentTemplate1.vue, Vue.js, 0, 0, 0, 0, 183, 0, 0, 0, 0, 0, 0, 0, 20, 203
e:\WORK\Rtis-Vutfify\src\views\setting\patientTreatment\consent\consentTemplate2.vue, Vue.js, 0, 0, 0, 0, 180, 0, 0, 0, 0, 0, 0, 0, 19, 199
e:\WORK\Rtis-Vutfify\src\views\setting\patientTreatment\consent\template.vue, Vue.js, 0, 0, 0, 0, 118, 0, 0, 0, 0, 0, 0, 5, 10, 133
e:\WORK\Rtis-Vutfify\src\views\setting\patientTreatment\currentPatientCard.vue, Vue.js, 0, 0, 0, 0, 132, 0, 0, 0, 0, 0, 0, 0, 9, 141
e:\WORK\Rtis-Vutfify\src\views\setting\patientTreatment\diagnosticBlock.vue, Vue.js, 0, 0, 0, 0, 400, 0, 0, 0, 0, 0, 0, 4, 32, 436
e:\WORK\Rtis-Vutfify\src\views\setting\patientTreatment\diagnosticInfoCard.vue, Vue.js, 0, 0, 0, 0, 178, 0, 0, 0, 0, 0, 0, 0, 5, 183
e:\WORK\Rtis-Vutfify\src\views\setting\patientTreatment\patientResource.vue, Vue.js, 0, 0, 0, 0, 118, 0, 0, 0, 0, 0, 0, 18, 14, 150
e:\WORK\Rtis-Vutfify\src\views\setting\patientTreatment\patientTreatment.vue, Vue.js, 0, 0, 0, 0, 9, 0, 0, 0, 0, 0, 0, 0, 2, 11
e:\WORK\Rtis-Vutfify\src\views\setting\patientTreatment\patientTreatmentList copy.vue, Vue.js, 0, 0, 0, 0, 307, 0, 0, 0, 0, 0, 0, 4, 14, 325
e:\WORK\Rtis-Vutfify\src\views\setting\patientTreatment\patientTreatmentList.vue, Vue.js, 0, 0, 0, 0, 329, 0, 0, 0, 0, 0, 0, 4, 13, 346
e:\WORK\Rtis-Vutfify\src\views\setting\patientTreatment\plan\List.vue, Vue.js, 0, 0, 0, 0, 860, 0, 0, 0, 0, 0, 0, 106, 29, 995
e:\WORK\Rtis-Vutfify\src\views\setting\patientTreatment\plan\creatPlanApplication copy.vue, Vue.js, 0, 0, 0, 0, 359, 0, 0, 0, 0, 0, 0, 3, 47, 409
e:\WORK\Rtis-Vutfify\src\views\setting\patientTreatment\plan\creatPlanApplication.vue, Vue.js, 0, 0, 0, 0, 298, 0, 0, 0, 0, 0, 0, 4, 36, 338
e:\WORK\Rtis-Vutfify\src\views\setting\patientTreatment\plan\historyPlanApplication.vue, Vue.js, 0, 0, 0, 0, 296, 0, 0, 0, 0, 0, 0, 3, 44, 343
e:\WORK\Rtis-Vutfify\src\views\setting\patientTreatment\plan\planInfoCard copy.vue, Vue.js, 0, 0, 0, 0, 299, 0, 0, 0, 0, 0, 0, 0, 15, 314
e:\WORK\Rtis-Vutfify\src\views\setting\patientTreatment\plan\planInfoCard.vue, Vue.js, 0, 0, 0, 0, 343, 0, 0, 0, 0, 0, 0, 0, 22, 365
e:\WORK\Rtis-Vutfify\src\views\setting\patientTreatment\program\historyProgram.vue, Vue.js, 0, 0, 0, 0, 367, 0, 0, 0, 0, 0, 0, 47, 58, 472
e:\WORK\Rtis-Vutfify\src\views\setting\patientTreatment\program\program copy.vue, Vue.js, 0, 0, 0, 0, 474, 0, 0, 0, 0, 0, 0, 34, 57, 565
e:\WORK\Rtis-Vutfify\src\views\setting\patientTreatment\program\program.vue, Vue.js, 0, 0, 0, 0, 383, 0, 0, 0, 0, 0, 0, 34, 53, 470
e:\WORK\Rtis-Vutfify\src\views\setting\patientTreatment\target\creatTargetingApplication copy.vue, Vue.js, 0, 0, 0, 0, 881, 0, 0, 0, 0, 0, 0, 33, 53, 967
e:\WORK\Rtis-Vutfify\src\views\setting\patientTreatment\target\creatTargetingApplication.vue, Vue.js, 0, 0, 0, 0, 689, 0, 0, 0, 0, 0, 0, 9, 37, 735
e:\WORK\Rtis-Vutfify\src\views\setting\patientTreatment\target\historyTargetingApplication.vue, Vue.js, 0, 0, 0, 0, 575, 0, 0, 0, 0, 0, 0, 11, 33, 619
e:\WORK\Rtis-Vutfify\src\views\setting\patientTreatment\target\targetInfoCard.vue, Vue.js, 0, 0, 0, 0, 89, 0, 0, 0, 0, 0, 0, 0, 9, 98
e:\WORK\Rtis-Vutfify\src\views\setting\patient\headerBtn.vue, Vue.js, 0, 0, 0, 0, 34, 0, 0, 0, 0, 0, 0, 0, 16, 50
e:\WORK\Rtis-Vutfify\src\views\setting\patient\infoBtn.vue, Vue.js, 0, 0, 0, 0, 63, 0, 0, 0, 0, 0, 0, 0, 4, 67
e:\WORK\Rtis-Vutfify\src\views\setting\patient\patient.vue, Vue.js, 0, 0, 0, 0, 97, 0, 0, 0, 0, 0, 0, 0, 18, 115
e:\WORK\Rtis-Vutfify\src\views\setting\patient\registration.vue, Vue.js, 0, 0, 0, 0, 1391, 0, 0, 0, 0, 0, 0, 32, 81, 1504
e:\WORK\Rtis-Vutfify\src\views\setting\patient\uploadImg.vue, Vue.js, 0, 0, 0, 0, 54, 0, 0, 0, 0, 0, 0, 4, 9, 67
e:\WORK\Rtis-Vutfify\src\views\setting\review\DVH.vue, Vue.js, 0, 0, 0, 0, 1857, 0, 0, 0, 0, 0, 0, 158, 11, 2026
e:\WORK\Rtis-Vutfify\src\views\setting\review\applicationResult\examineLocationResult.vue, Vue.js, 0, 0, 0, 0, 391, 0, 0, 0, 0, 0, 0, 2, 8, 401
e:\WORK\Rtis-Vutfify\src\views\setting\review\applicationResult\moreExamineLocationResult.vue, Vue.js, 0, 0, 0, 0, 359, 0, 0, 0, 0, 0, 0, 4, 12, 375
e:\WORK\Rtis-Vutfify\src\views\setting\review\applicationResult\reviewApplicationResult.vue, Vue.js, 0, 0, 0, 0, 270, 0, 0, 0, 0, 0, 0, 27, 24, 321
e:\WORK\Rtis-Vutfify\src\views\setting\review\approvaltTreatment\approvaltTreatment.vue, Vue.js, 0, 0, 0, 0, 307, 0, 0, 0, 0, 0, 0, 8, 29, 344
e:\WORK\Rtis-Vutfify\src\views\setting\review\approvaltTreatment\moreApprovaltTreatment.vue, Vue.js, 0, 0, 0, 0, 372, 0, 0, 0, 0, 0, 0, 14, 17, 403
e:\WORK\Rtis-Vutfify\src\views\setting\review\approvePlan\approvePlan copy 2.vue, Vue.js, 0, 0, 0, 0, 416, 0, 0, 0, 0, 0, 0, 8, 51, 475
e:\WORK\Rtis-Vutfify\src\views\setting\review\approvePlan\approvePlan copy 3.vue, Vue.js, 0, 0, 0, 0, 426, 0, 0, 0, 0, 0, 0, 8, 34, 468
e:\WORK\Rtis-Vutfify\src\views\setting\review\approvePlan\approvePlan copy.vue, Vue.js, 0, 0, 0, 0, 384, 0, 0, 0, 0, 0, 0, 8, 50, 442
e:\WORK\Rtis-Vutfify\src\views\setting\review\approvePlan\approvePlan.vue, Vue.js, 0, 0, 0, 0, 267, 0, 0, 0, 0, 0, 0, 2, 16, 285
e:\WORK\Rtis-Vutfify\src\views\setting\review\approvePlan\moreApprovePlan copy.vue, Vue.js, 0, 0, 0, 0, 189, 0, 0, 0, 0, 0, 0, 13, 20, 222
e:\WORK\Rtis-Vutfify\src\views\setting\review\approvePlan\moreApprovePlan.vue, Vue.js, 0, 0, 0, 0, 375, 0, 0, 0, 0, 0, 0, 8, 15, 398
e:\WORK\Rtis-Vutfify\src\views\setting\review\card\projectLocationDetailed.vue, Vue.js, 0, 0, 0, 0, 91, 0, 0, 0, 0, 0, 0, 25, 11, 127
e:\WORK\Rtis-Vutfify\src\views\setting\review\card\projectPlanDetailed.vue, Vue.js, 0, 0, 0, 0, 90, 0, 0, 0, 0, 0, 0, 26, 10, 126
e:\WORK\Rtis-Vutfify\src\views\setting\review\ohifViewer.vue, Vue.js, 0, 0, 0, 0, 40, 0, 0, 0, 0, 0, 0, 0, 4, 44
e:\WORK\Rtis-Vutfify\src\views\setting\review\planApplication\morePlanApplication.vue, Vue.js, 0, 0, 0, 0, 375, 0, 0, 0, 0, 0, 0, 13, 16, 404
e:\WORK\Rtis-Vutfify\src\views\setting\review\planApplication\planApplication copy.vue, Vue.js, 0, 0, 0, 0, 338, 0, 0, 0, 0, 0, 0, 12, 49, 399
e:\WORK\Rtis-Vutfify\src\views\setting\review\planApplication\planApplication.vue, Vue.js, 0, 0, 0, 0, 155, 0, 0, 0, 0, 0, 0, 0, 10, 165
e:\WORK\Rtis-Vutfify\src\views\setting\review\planApplication\planApplicationItem.vue, Vue.js, 0, 0, 0, 0, 155, 0, 0, 0, 0, 0, 0, 9, 11, 175
e:\WORK\Rtis-Vutfify\src\views\setting\review\review.vue, Vue.js, 0, 0, 0, 0, 32, 0, 0, 0, 0, 0, 0, 0, 15, 47
e:\WORK\Rtis-Vutfify\src\views\setting\review\reviewItemCard.vue, Vue.js, 0, 0, 0, 0, 157, 0, 0, 0, 0, 0, 0, 9, 10, 176
e:\WORK\Rtis-Vutfify\src\views\setting\review\reviewList copy.vue, Vue.js, 0, 0, 0, 0, 163, 0, 0, 0, 0, 0, 0, 8, 11, 182
e:\WORK\Rtis-Vutfify\src\views\setting\review\reviewList.vue, Vue.js, 0, 0, 0, 0, 164, 0, 0, 0, 0, 0, 0, 0, 5, 169
e:\WORK\Rtis-Vutfify\src\views\setting\review\targetApplication\moreTargetApplication.vue, Vue.js, 0, 0, 0, 0, 380, 0, 0, 0, 0, 0, 0, 10, 15, 405
e:\WORK\Rtis-Vutfify\src\views\setting\review\targetApplication\reviewTargetingApplication copy 2.vue, Vue.js, 0, 0, 0, 0, 597, 0, 0, 0, 0, 0, 0, 36, 46, 679
e:\WORK\Rtis-Vutfify\src\views\setting\review\targetApplication\reviewTargetingApplication copy.vue, Vue.js, 0, 0, 0, 0, 849, 0, 0, 0, 0, 0, 0, 22, 46, 917
e:\WORK\Rtis-Vutfify\src\views\setting\review\targetApplication\reviewTargetingApplication.vue, Vue.js, 0, 0, 0, 0, 698, 0, 0, 0, 0, 0, 0, 0, 35, 733
e:\WORK\Rtis-Vutfify\src\views\setting\review\targetApplication\targetApplicationItem.vue, Vue.js, 0, 0, 0, 0, 154, 0, 0, 0, 0, 0, 0, 9, 10, 173
e:\WORK\Rtis-Vutfify\src\views\setting\review\targetResource.vue, Vue.js, 0, 0, 0, 0, 77, 0, 0, 0, 0, 0, 0, 0, 18, 95
e:\WORK\Rtis-Vutfify\src\views\setting\schedule\lunarfullcalendar\fullcalendar\fullcalendar.css, CSS, 0, 0, 0, 0, 0, 0, 0, 0, 0, 816, 0, 252, 231, 1299
e:\WORK\Rtis-Vutfify\src\views\setting\schedule\lunarfullcalendar\fullcalendar\fullcalendar.js, JavaScript, 13181, 0, 0, 0, 0, 0, 0, 0, 0, 0, 0, 2150, 312, 15643
e:\WORK\Rtis-Vutfify\src\views\setting\schedule\lunarfullcalendar\index.js, JavaScript, 2, 0, 0, 0, 0, 0, 0, 0, 0, 0, 0, 0, 1, 3
e:\WORK\Rtis-Vutfify\src\views\setting\schedule\lunarfullcalendar\lunarfullcalendar.vue, Vue.js, 0, 0, 0, 0, 175, 0, 0, 0, 0, 0, 0, 0, 32, 207
e:\WORK\Rtis-Vutfify\src\views\setting\schedule\schedule.vue, Vue.js, 0, 0, 0, 0, 7, 0, 0, 0, 0, 0, 0, 0, 1, 8
e:\WORK\Rtis-Vutfify\src\views\setting\schedule\scheduleList.vue, Vue.js, 0, 0, 0, 0, 445, 0, 0, 0, 0, 0, 0, 13, 19, 477
e:\WORK\Rtis-Vutfify\src\views\setting\schedule\scheduleTable.vue, Vue.js, 0, 0, 0, 0, 923, 0, 0, 0, 0, 0, 0, 40, 22, 985
e:\WORK\Rtis-Vutfify\src\views\setting\statistics\100.css, CSS, 0, 0, 0, 0, 0, 0, 0, 0, 0, 2, 0, 0, 1, 3
e:\WORK\Rtis-Vutfify\src\views\setting\statistics\100.js, JavaScript, 24, 0, 0, 0, 0, 0, 0, 0, 0, 0, 0, 3, 2, 29
e:\WORK\Rtis-Vutfify\src\views\setting\statistics\caseStatistics.vue, Vue.js, 0, 0, 0, 0, 263, 0, 0, 0, 0, 0, 0, 2, 13, 278
e:\WORK\Rtis-Vutfify\src\views\setting\statistics\departmentStatistics.vue, Vue.js, 0, 0, 0, 0, 206, 0, 0, 0, 0, 0, 0, 17, 7, 230
e:\WORK\Rtis-Vutfify\src\views\setting\statistics\effectivenessStatistics.vue, Vue.js, 0, 0, 0, 0, 491, 0, 0, 0, 0, 0, 0, 6, 35, 532
e:\WORK\Rtis-Vutfify\src\views\setting\statistics\effectivenessStatistics1.vue, Vue.js, 0, 0, 0, 0, 470, 0, 0, 0, 0, 0, 0, 2, 33, 505
e:\WORK\Rtis-Vutfify\src\views\setting\statistics\personStatistics.vue, Vue.js, 0, 0, 0, 0, 245, 0, 0, 0, 0, 0, 0, 6, 14, 265
e:\WORK\Rtis-Vutfify\src\views\setting\statistics\statistics copy 2.vue, Vue.js, 0, 0, 0, 0, 891, 0, 0, 0, 0, 0, 0, 5, 5, 901
e:\WORK\Rtis-Vutfify\src\views\setting\statistics\statistics copy 3.vue, Vue.js, 0, 0, 0, 0, 1528, 0, 0, 0, 0, 0, 0, 64, 31, 1623
e:\WORK\Rtis-Vutfify\src\views\setting\statistics\statistics copy 4.vue, Vue.js, 0, 0, 0, 0, 1771, 0, 0, 0, 0, 0, 0, 86, 36, 1893
e:\WORK\Rtis-Vutfify\src\views\setting\statistics\statistics copy 5.vue, Vue.js, 0, 0, 0, 0, 1669, 0, 0, 0, 0, 0, 0, 125, 42, 1836
e:\WORK\Rtis-Vutfify\src\views\setting\statistics\statistics copy 6.vue, Vue.js, 0, 0, 0, 0, 1669, 0, 0, 0, 0, 0, 0, 125, 42, 1836
e:\WORK\Rtis-Vutfify\src\views\setting\statistics\statistics copy 7.vue, Vue.js, 0, 0, 0, 0, 1668, 0, 0, 0, 0, 0, 0, 125, 42, 1835
e:\WORK\Rtis-Vutfify\src\views\setting\statistics\statistics copy.vue, Vue.js, 0, 0, 0, 0, 303, 0, 0, 0, 0, 0, 0, 3, 4, 310
e:\WORK\Rtis-Vutfify\src\views\setting\statistics\statistics.vue, Vue.js, 0, 0, 0, 0, 68, 0, 0, 0, 0, 0, 0, 0, 2, 70
e:\WORK\Rtis-Vutfify\src\views\setting\statistics\taskStatistics.vue, Vue.js, 0, 0, 0, 0, 699, 0, 0, 0, 0, 0, 0, 20, 6, 725
e:\WORK\Rtis-Vutfify\src\views\setting\statistics\upcomingStatistics.vue, Vue.js, 0, 0, 0, 0, 244, 0, 0, 0, 0, 0, 0, 77, 15, 336
e:\WORK\Rtis-Vutfify\src\views\setting\timeline\timeline.vue, Vue.js, 0, 0, 0, 0, 68, 0, 0, 0, 0, 0, 0, 1, 9, 78
e:\WORK\Rtis-Vutfify\tsconfig.json, JSON, 0, 28, 0, 0, 0, 0, 0, 0, 0, 0, 0, 4, 2, 34
e:\WORK\Rtis-Vutfify\vue.config.js, JavaScript, 36, 0, 0, 0, 0, 0, 0, 0, 0, 0, 0, 33, 4, 73
e:\WORK\Rtis-Vutfify\yarn-error.log, Log, 0, 0, 0, 0, 0, 0, 0, 0, 0, 0, 11602, 0, 1767, 13369
Total, -, 53826, 1090, 23, 393, 47647, 4842, 1731, 186, 1318, 1658, 11602, 14969, 13838, 153123